steps,(All),,,
,,,,
Sum of steps,Column Labels,,,
Row Labels,Policy Iteration,Q Learning Optimal,Value Iteration,Grand Total
1,300,300,300,900
2,300,300,300,900
3,300,300,300,900
4,300,300,300,900
5,300,300,300,900
6,212.57,300,300,812.57
7,53.69,300,300,653.69
8,53.8,300,300,653.8
9,52.57,300,300,652.57
10,52.94,300,300,652.94
11,52.63,300,300,652.63
12,54.71,300,300,654.71
13,65.19,300,300,665.19
14,65.95,300,300,665.95
15,66.78,300,300,666.78
16,66.23,300,300,666.23
17,66.12,300,300,666.12
18,66.92,300,300,666.92
19,65.86,300,297.59,663.45
20,66.64,300,296.11,662.75
21,67.55,300,284.81,652.36
22,67.37,300,283.9,651.27
23,66.32,300,214.1,580.42
24,66.31,300,202.74,569.05
25,66.41,300,80.7,447.11
26,67.55,300,66.54,434.09
27,66.13,300,65.03,431.16
28,67.2,300,66.15,433.35
29,65.71,300,66.2,431.91
30,66.25,300,65.9,432.15
31,65.61,300,65.8,431.41
32,67.1,300,67.06,434.16
33,66.97,299.87,66.37,433.21
34,66.51,300,67.02,433.53
35,68.44,300,69.12,437.56
36,66.29,300,66.08,432.37
37,67.25,300,66.93,434.18
38,66.29,300,67.83,434.12
39,66.81,300,66.55,433.36
40,67.22,300,67.89,435.11
41,66.12,300,67.06,433.18
42,66.06,300,67.35,433.41
43,66.64,300,65.57,432.21
44,67.5,300,66.82,434.32
45,67.08,300,66.18,433.26
46,67.5,300,67.19,434.69
47,66,300,66.47,432.47
48,67.12,300,66.7,433.82
49,67.09,300,65.2,432.29
50,67.1,300,66.29,433.39
51,66.05,300,66.88,432.93
52,67.2,300,65.64,432.84
53,67.43,300,66.35,433.78
54,67.73,295.46,65.76,428.95
55,67.35,299.62,66.86,433.83
56,68.67,300,66.58,435.25
57,66.5,299.68,66.27,432.45
58,66.85,300,66.21,433.06
59,67.11,298.45,66,431.56
60,67.4,298.95,65.59,431.94
61,65.57,300,65.85,431.42
62,66.66,300,66.53,433.19
63,66.53,300,67.44,433.97
64,66.39,300,65.87,432.26
65,67.2,300,65.89,433.09
66,66.36,300,66.24,432.6
67,66.49,300,66.33,432.82
68,66.51,300,66.74,433.25
69,67.17,299.66,68.68,435.51
70,67.45,300,67.33,434.78
71,66.68,298.57,67.24,432.49
72,65.93,300,66.98,432.91
73,66.81,300,66.81,433.62
74,65.53,300,65.53,431.06
75,65.66,300,68.14,433.8
76,67.34,300,66.48,433.82
77,66.08,300,66.71,432.79
78,67.45,300,67.14,434.59
79,65.69,300,66.8,432.49
80,66.84,300,66.68,433.52
81,66.58,300,66.48,433.06
82,67.11,300,67.54,434.65
83,68.72,299.74,66.72,435.18
84,65.26,300,67.27,432.53
85,66.83,300,67.2,434.03
86,66.69,300,66.54,433.23
87,66.69,299.17,66.61,432.47
88,66.57,299.74,66.82,433.13
89,66.57,297.81,67.45,431.83
90,67.6,297.75,67.02,432.37
91,66.29,299.38,66.73,432.4
92,66.1,299.88,69.07,435.05
93,66.62,300,67.06,433.68
94,65.93,300,67.01,432.94
95,67.03,299.66,67.1,433.79
96,66.15,299,66.99,432.14
97,65.42,294.64,66.38,426.44
98,67.53,296.25,66.83,430.61
99,66.45,300,67.02,433.47
100,67.18,300,66.71,433.89
101,,297.34,,297.34
102,,277.39,,277.39
103,,289.1,,289.1
104,,289.93,,289.93
105,,298.83,,298.83
106,,298.88,,298.88
107,,296.84,,296.84
108,,300,,300
109,,300,,300
110,,300,,300
111,,300,,300
112,,298.46,,298.46
113,,300,,300
114,,300,,300
115,,300,,300
116,,300,,300
117,,300,,300
118,,300,,300
119,,300,,300
120,,300,,300
121,,300,,300
122,,300,,300
123,,300,,300
124,,300,,300
125,,300,,300
126,,300,,300
127,,300,,300
128,,300,,300
129,,300,,300
130,,300,,300
131,,300,,300
132,,300,,300
133,,300,,300
134,,300,,300
135,,299.98,,299.98
136,,297.12,,297.12
137,,300,,300
138,,295.69,,295.69
139,,300,,300
140,,295.16,,295.16
141,,295.5,,295.5
142,,298.73,,298.73
143,,298.11,,298.11
144,,300,,300
145,,300,,300
146,,297.3,,297.3
147,,299.04,,299.04
148,,297.06,,297.06
149,,299.28,,299.28
150,,296.62,,296.62
151,,297.51,,297.51
152,,294.34,,294.34
153,,299.3,,299.3
154,,298.72,,298.72
155,,300,,300
156,,296.05,,296.05
157,,300,,300
158,,297.91,,297.91
159,,299.84,,299.84
160,,294.88,,294.88
161,,300,,300
162,,297.89,,297.89
163,,291.38,,291.38
164,,296.44,,296.44
165,,292.95,,292.95
166,,292.96,,292.96
167,,299.83,,299.83
168,,300,,300
169,,288.32,,288.32
170,,298.99,,298.99
171,,297,,297
172,,299.92,,299.92
173,,296.1,,296.1
174,,296.82,,296.82
175,,285.61,,285.61
176,,287.66,,287.66
177,,279.53,,279.53
178,,293.99,,293.99
179,,298.15,,298.15
180,,293.55,,293.55
181,,296.97,,296.97
182,,293.11,,293.11
183,,294.02,,294.02
184,,236.88,,236.88
185,,300,,300
186,,298.11,,298.11
187,,292.12,,292.12
188,,292.68,,292.68
189,,299.96,,299.96
190,,292.15,,292.15
191,,296.85,,296.85
192,,282.93,,282.93
193,,298.37,,298.37
194,,298.1,,298.1
195,,274.3,,274.3
196,,297.97,,297.97
197,,290.7,,290.7
198,,300,,300
199,,300,,300
200,,299.33,,299.33
201,,290.4,,290.4
202,,293.5,,293.5
203,,295.32,,295.32
204,,300,,300
205,,298.46,,298.46
206,,289.08,,289.08
207,,300,,300
208,,298.91,,298.91
209,,300,,300
210,,300,,300
211,,300,,300
212,,300,,300
213,,300,,300
214,,300,,300
215,,299.71,,299.71
216,,300,,300
217,,300,,300
218,,298.9,,298.9
219,,255.06,,255.06
220,,300,,300
221,,299.34,,299.34
222,,300,,300
223,,299.81,,299.81
224,,300,,300
225,,300,,300
226,,300,,300
227,,300,,300
228,,300,,300
229,,299.6,,299.6
230,,298.95,,298.95
231,,285.51,,285.51
232,,300,,300
233,,296.1,,296.1
234,,300,,300
235,,286.95,,286.95
236,,297.62,,297.62
237,,297.34,,297.34
238,,272.23,,272.23
239,,297,,297
240,,296.43,,296.43
241,,298.07,,298.07
242,,300,,300
243,,297.69,,297.69
244,,298.27,,298.27
245,,300,,300
246,,280.34,,280.34
247,,300,,300
248,,298.64,,298.64
249,,299.67,,299.67
250,,300,,300
251,,300,,300
252,,300,,300
253,,300,,300
254,,300,,300
255,,300,,300
256,,300,,300
257,,298.67,,298.67
258,,292.7,,292.7
259,,298.41,,298.41
260,,296.69,,296.69
261,,298.12,,298.12
262,,278.09,,278.09
263,,300,,300
264,,299.99,,299.99
265,,300,,300
266,,297.56,,297.56
267,,298.77,,298.77
268,,299.28,,299.28
269,,295.86,,295.86
270,,297.34,,297.34
271,,300,,300
272,,300,,300
273,,300,,300
274,,291.48,,291.48
275,,291.23,,291.23
276,,296.67,,296.67
277,,281.38,,281.38
278,,299.63,,299.63
279,,291.51,,291.51
280,,295.19,,295.19
281,,278.08,,278.08
282,,285.01,,285.01
283,,276.71,,276.71
284,,245.84,,245.84
285,,270.06,,270.06
286,,277.39,,277.39
287,,241.73,,241.73
288,,233.12,,233.12
289,,150.43,,150.43
290,,236.02,,236.02
291,,257.62,,257.62
292,,205.27,,205.27
293,,272.36,,272.36
294,,283.98,,283.98
295,,251.76,,251.76
296,,223.77,,223.77
297,,239.22,,239.22
298,,172.93,,172.93
299,,134.16,,134.16
300,,145.78,,145.78
301,,140,,140
302,,227.37,,227.37
303,,207.77,,207.77
304,,221.58,,221.58
305,,241.88,,241.88
306,,160.39,,160.39
307,,160.16,,160.16
308,,134.77,,134.77
309,,230.05,,230.05
310,,210.03,,210.03
311,,236.41,,236.41
312,,213.04,,213.04
313,,226.83,,226.83
314,,147.66,,147.66
315,,156.36,,156.36
316,,201.6,,201.6
317,,161.41,,161.41
318,,174,,174
319,,146.22,,146.22
320,,119.16,,119.16
321,,181.97,,181.97
322,,148.59,,148.59
323,,253.83,,253.83
324,,252.2,,252.2
325,,230.21,,230.21
326,,229.59,,229.59
327,,150.87,,150.87
328,,178.51,,178.51
329,,153.71,,153.71
330,,148.71,,148.71
331,,230.51,,230.51
332,,139.23,,139.23
333,,221.8,,221.8
334,,112.2,,112.2
335,,108.96,,108.96
336,,112.97,,112.97
337,,136.58,,136.58
338,,266.51,,266.51
339,,216.15,,216.15
340,,154.67,,154.67
341,,204.21,,204.21
342,,234.2,,234.2
343,,253.05,,253.05
344,,145.67,,145.67
345,,116.39,,116.39
346,,102.57,,102.57
347,,233.23,,233.23
348,,107.11,,107.11
349,,108.49,,108.49
350,,116.34,,116.34
351,,127.92,,127.92
352,,179.96,,179.96
353,,266.78,,266.78
354,,210.7,,210.7
355,,252.08,,252.08
356,,172.91,,172.91
357,,139.13,,139.13
358,,133.11,,133.11
359,,135.54,,135.54
360,,233.14,,233.14
361,,292.85,,292.85
362,,271.62,,271.62
363,,122.09,,122.09
364,,141.55,,141.55
365,,169.15,,169.15
366,,170.15,,170.15
367,,164.29,,164.29
368,,144.69,,144.69
369,,148.71,,148.71
370,,187.39,,187.39
371,,257.45,,257.45
372,,277.3,,277.3
373,,272.35,,272.35
374,,209.07,,209.07
375,,126.92,,126.92
376,,151.89,,151.89
377,,129.29,,129.29
378,,158.62,,158.62
379,,154.98,,154.98
380,,207.42,,207.42
381,,155.63,,155.63
382,,188.79,,188.79
383,,174.91,,174.91
384,,226.79,,226.79
385,,265.18,,265.18
386,,172.08,,172.08
387,,152.07,,152.07
388,,209.47,,209.47
389,,199.86,,199.86
390,,129.62,,129.62
391,,278.71,,278.71
392,,236.5,,236.5
393,,231.34,,231.34
394,,110.39,,110.39
395,,138.7,,138.7
396,,221.92,,221.92
397,,98.71,,98.71
398,,97.9,,97.9
399,,79.82,,79.82
400,,91.9,,91.9
401,,85.61,,85.61
402,,77.81,,77.81
403,,96.81,,96.81
404,,84.03,,84.03
405,,82.33,,82.33
406,,83.55,,83.55
407,,92.86,,92.86
408,,102.2,,102.2
409,,84.55,,84.55
410,,100.32,,100.32
411,,92.59,,92.59
412,,109.14,,109.14
413,,89.65,,89.65
414,,81.03,,81.03
415,,80.45,,80.45
416,,95.48,,95.48
417,,82.19,,82.19
418,,77.96,,77.96
419,,103.67,,103.67
420,,136.82,,136.82
421,,248.25,,248.25
422,,291.4,,291.4
423,,273.83,,273.83
424,,152.82,,152.82
425,,214.05,,214.05
426,,182.95,,182.95
427,,277.19,,277.19
428,,263.21,,263.21
429,,297.68,,297.68
430,,264.62,,264.62
431,,242.96,,242.96
432,,285.89,,285.89
433,,94.91,,94.91
434,,92.88,,92.88
435,,295.09,,295.09
436,,264.01,,264.01
437,,248.76,,248.76
438,,299.52,,299.52
439,,300,,300
440,,294.82,,294.82
441,,279.19,,279.19
442,,300,,300
443,,269.61,,269.61
444,,299.13,,299.13
445,,275.69,,275.69
446,,299.32,,299.32
447,,283.5,,283.5
448,,296.58,,296.58
449,,259.52,,259.52
450,,300,,300
451,,171.81,,171.81
452,,144.8,,144.8
453,,294.86,,294.86
454,,168.3,,168.3
455,,110.54,,110.54
456,,265.04,,265.04
457,,228.42,,228.42
458,,115.6,,115.6
459,,265.32,,265.32
460,,170.26,,170.26
461,,297.91,,297.91
462,,283.33,,283.33
463,,255.91,,255.91
464,,272.53,,272.53
465,,164.13,,164.13
466,,175.36,,175.36
467,,269.91,,269.91
468,,136.48,,136.48
469,,133.62,,133.62
470,,109.17,,109.17
471,,222.12,,222.12
472,,267.86,,267.86
473,,230.4,,230.4
474,,118.59,,118.59
475,,93.87,,93.87
476,,121.36,,121.36
477,,96.09,,96.09
478,,93.21,,93.21
479,,129.26,,129.26
480,,96.59,,96.59
481,,108.6,,108.6
482,,80.81,,80.81
483,,98.58,,98.58
484,,81.24,,81.24
485,,89.28,,89.28
486,,83.6,,83.6
487,,83.25,,83.25
488,,126.12,,126.12
489,,114.79,,114.79
490,,75.17,,75.17
491,,80.38,,80.38
492,,71.77,,71.77
493,,75.74,,75.74
494,,75.09,,75.09
495,,218.09,,218.09
496,,80.19,,80.19
497,,80.76,,80.76
498,,76.32,,76.32
499,,79.72,,79.72
500,,84.01,,84.01
501,,73.22,,73.22
502,,78.2,,78.2
503,,77.47,,77.47
504,,82.13,,82.13
505,,78.02,,78.02
506,,74.37,,74.37
507,,112.72,,112.72
508,,108.66,,108.66
509,,168.13,,168.13
510,,125.62,,125.62
511,,90.18,,90.18
512,,93.28,,93.28
513,,76.63,,76.63
514,,81.65,,81.65
515,,78.95,,78.95
516,,81.51,,81.51
517,,78.3,,78.3
518,,83.01,,83.01
519,,77.73,,77.73
520,,78.22,,78.22
521,,75.63,,75.63
522,,77.31,,77.31
523,,79.41,,79.41
524,,77.47,,77.47
525,,76.69,,76.69
526,,74.03,,74.03
527,,74.51,,74.51
528,,77.32,,77.32
529,,75.49,,75.49
530,,79.5,,79.5
531,,76.61,,76.61
532,,72.4,,72.4
533,,82.69,,82.69
534,,83.96,,83.96
535,,76.22,,76.22
536,,76.61,,76.61
537,,74.99,,74.99
538,,76.39,,76.39
539,,76.09,,76.09
540,,73.9,,73.9
541,,77.05,,77.05
542,,70.22,,70.22
543,,69.45,,69.45
544,,70.41,,70.41
545,,70.72,,70.72
546,,71.02,,71.02
547,,72.45,,72.45
548,,73.85,,73.85
549,,86.35,,86.35
550,,71.95,,71.95
551,,71.28,,71.28
552,,70.02,,70.02
553,,70.39,,70.39
554,,69.65,,69.65
555,,74.31,,74.31
556,,70.3,,70.3
557,,68.53,,68.53
558,,73.43,,73.43
559,,71.76,,71.76
560,,68.96,,68.96
561,,70.53,,70.53
562,,71.92,,71.92
563,,71,,71
564,,73.78,,73.78
565,,68.59,,68.59
566,,70.86,,70.86
567,,69,,69
568,,69.54,,69.54
569,,68.27,,68.27
570,,74.04,,74.04
571,,72.03,,72.03
572,,68.14,,68.14
573,,72.41,,72.41
574,,72.44,,72.44
575,,72.8,,72.8
576,,70.79,,70.79
577,,69.56,,69.56
578,,74.17,,74.17
579,,72.14,,72.14
580,,73.31,,73.31
581,,76.98,,76.98
582,,76.79,,76.79
583,,70.09,,70.09
584,,71.74,,71.74
585,,71.49,,71.49
586,,71.04,,71.04
587,,71.84,,71.84
588,,74.72,,74.72
589,,71.56,,71.56
590,,72.75,,72.75
591,,78.15,,78.15
592,,68.43,,68.43
593,,74.59,,74.59
594,,71.5,,71.5
595,,71.67,,71.67
596,,69.32,,69.32
597,,67.33,,67.33
598,,68.21,,68.21
599,,72.72,,72.72
600,,74.17,,74.17
601,,73.25,,73.25
602,,70.77,,70.77
603,,68.04,,68.04
604,,68.99,,68.99
605,,71.52,,71.52
606,,68.79,,68.79
607,,73.84,,73.84
608,,75,,75
609,,73.27,,73.27
610,,70.35,,70.35
611,,70.11,,70.11
612,,73.93,,73.93
613,,68.22,,68.22
614,,71.19,,71.19
615,,68.29,,68.29
616,,71.1,,71.1
617,,75.62,,75.62
618,,70.1,,70.1
619,,74.91,,74.91
620,,67.25,,67.25
621,,73.39,,73.39
622,,74.73,,74.73
623,,68.58,,68.58
624,,69.77,,69.77
625,,76.61,,76.61
626,,69.22,,69.22
627,,76.58,,76.58
628,,69.78,,69.78
629,,67.97,,67.97
630,,68.29,,68.29
631,,68.81,,68.81
632,,69.77,,69.77
633,,68.42,,68.42
634,,80.22,,80.22
635,,74.75,,74.75
636,,70.23,,70.23
637,,70.51,,70.51
638,,69.4,,69.4
639,,74.82,,74.82
640,,68.76,,68.76
641,,73.1,,73.1
642,,69.66,,69.66
643,,72.55,,72.55
644,,69.08,,69.08
645,,73.65,,73.65
646,,70.62,,70.62
647,,72.82,,72.82
648,,69.34,,69.34
649,,68.81,,68.81
650,,71.85,,71.85
651,,68.67,,68.67
652,,70.77,,70.77
653,,74.76,,74.76
654,,71.02,,71.02
655,,70.36,,70.36
656,,73.98,,73.98
657,,72.69,,72.69
658,,72.72,,72.72
659,,70.44,,70.44
660,,71.55,,71.55
661,,75.19,,75.19
662,,69.89,,69.89
663,,71.3,,71.3
664,,67.22,,67.22
665,,72.96,,72.96
666,,71.93,,71.93
667,,73.95,,73.95
668,,73.3,,73.3
669,,69.64,,69.64
670,,73.42,,73.42
671,,71.07,,71.07
672,,71.97,,71.97
673,,71.22,,71.22
674,,70,,70
675,,74.98,,74.98
676,,73.74,,73.74
677,,74.51,,74.51
678,,77.96,,77.96
679,,71.01,,71.01
680,,69.58,,69.58
681,,79.32,,79.32
682,,70.54,,70.54
683,,69.55,,69.55
684,,68.93,,68.93
685,,75.56,,75.56
686,,69.43,,69.43
687,,76.96,,76.96
688,,73.71,,73.71
689,,69.3,,69.3
690,,75.03,,75.03
691,,71.23,,71.23
692,,76.03,,76.03
693,,70.23,,70.23
694,,74.85,,74.85
695,,70.07,,70.07
696,,71.11,,71.11
697,,72.91,,72.91
698,,71.44,,71.44
699,,76.16,,76.16
700,,74.1,,74.1
701,,72.07,,72.07
702,,72.54,,72.54
703,,72.92,,72.92
704,,70.5,,70.5
705,,73.9,,73.9
706,,70.7,,70.7
707,,73.81,,73.81
708,,75.53,,75.53
709,,72.36,,72.36
710,,78.35,,78.35
711,,70.09,,70.09
712,,71.05,,71.05
713,,69.24,,69.24
714,,71.2,,71.2
715,,70.16,,70.16
716,,70.1,,70.1
717,,75.78,,75.78
718,,68.6,,68.6
719,,70.3,,70.3
720,,68.63,,68.63
721,,70.94,,70.94
722,,73.27,,73.27
723,,72.02,,72.02
724,,67.52,,67.52
725,,105.71,,105.71
726,,106.82,,106.82
727,,103.01,,103.01
728,,100.98,,100.98
729,,69.79,,69.79
730,,76.82,,76.82
731,,67.9,,67.9
732,,71.32,,71.32
733,,69.64,,69.64
734,,68.86,,68.86
735,,68.99,,68.99
736,,70.08,,70.08
737,,74.95,,74.95
738,,67.36,,67.36
739,,70.2,,70.2
740,,68.43,,68.43
741,,70.21,,70.21
742,,74.59,,74.59
743,,74.51,,74.51
744,,69.46,,69.46
745,,67.59,,67.59
746,,67.72,,67.72
747,,72.24,,72.24
748,,69.17,,69.17
749,,69.11,,69.11
750,,70.43,,70.43
751,,68.71,,68.71
752,,71.6,,71.6
753,,70.66,,70.66
754,,69.69,,69.69
755,,68.96,,68.96
756,,69.24,,69.24
757,,69.89,,69.89
758,,68.85,,68.85
759,,68.51,,68.51
760,,73.5,,73.5
761,,70.63,,70.63
762,,71.57,,71.57
763,,73.56,,73.56
764,,70.23,,70.23
765,,69.85,,69.85
766,,71.49,,71.49
767,,69.48,,69.48
768,,72.07,,72.07
769,,68.57,,68.57
770,,70.88,,70.88
771,,68.77,,68.77
772,,70.98,,70.98
773,,71.43,,71.43
774,,71.91,,71.91
775,,70.73,,70.73
776,,69.11,,69.11
777,,67.79,,67.79
778,,70.46,,70.46
779,,68.65,,68.65
780,,68.75,,68.75
781,,69.14,,69.14
782,,69.4,,69.4
783,,69.65,,69.65
784,,68.8,,68.8
785,,69.49,,69.49
786,,66.93,,66.93
787,,72.07,,72.07
788,,70.89,,70.89
789,,68.52,,68.52
790,,71.2,,71.2
791,,68.37,,68.37
792,,69.89,,69.89
793,,74.48,,74.48
794,,73.61,,73.61
795,,69.9,,69.9
796,,73.61,,73.61
797,,73.8,,73.8
798,,71.35,,71.35
799,,71.61,,71.61
800,,68.12,,68.12
801,,71.48,,71.48
802,,71.78,,71.78
803,,73.54,,73.54
804,,69.27,,69.27
805,,72.18,,72.18
806,,72.27,,72.27
807,,69.81,,69.81
808,,71.38,,71.38
809,,67.95,,67.95
810,,72.94,,72.94
811,,68.5,,68.5
812,,69.6,,69.6
813,,70.26,,70.26
814,,72.5,,72.5
815,,75.65,,75.65
816,,69.41,,69.41
817,,74.38,,74.38
818,,73.62,,73.62
819,,68.73,,68.73
820,,73.36,,73.36
821,,68.26,,68.26
822,,72.25,,72.25
823,,71.91,,71.91
824,,71.12,,71.12
825,,69.67,,69.67
826,,73.82,,73.82
827,,70.01,,70.01
828,,70.49,,70.49
829,,71.22,,71.22
830,,71.56,,71.56
831,,73.54,,73.54
832,,74.32,,74.32
833,,69.04,,69.04
834,,67.94,,67.94
835,,72.14,,72.14
836,,68.75,,68.75
837,,73.39,,73.39
838,,76.39,,76.39
839,,70.65,,70.65
840,,72.51,,72.51
841,,70.59,,70.59
842,,69.13,,69.13
843,,69.8,,69.8
844,,71.83,,71.83
845,,71.43,,71.43
846,,74.08,,74.08
847,,71.54,,71.54
848,,72.09,,72.09
849,,72.39,,72.39
850,,67.72,,67.72
851,,72.22,,72.22
852,,69.85,,69.85
853,,68.3,,68.3
854,,70.42,,70.42
855,,105.52,,105.52
856,,85.33,,85.33
857,,78.35,,78.35
858,,70.73,,70.73
859,,72.97,,72.97
860,,70.26,,70.26
861,,69.07,,69.07
862,,70.58,,70.58
863,,72.22,,72.22
864,,69.79,,69.79
865,,72.05,,72.05
866,,76.73,,76.73
867,,69.11,,69.11
868,,74.83,,74.83
869,,69.41,,69.41
870,,69.55,,69.55
871,,75.38,,75.38
872,,71.31,,71.31
873,,69.64,,69.64
874,,70.84,,70.84
875,,67.89,,67.89
876,,73.69,,73.69
877,,70.19,,70.19
878,,70.47,,70.47
879,,75.3,,75.3
880,,69,,69
881,,71.4,,71.4
882,,70.68,,70.68
883,,70.79,,70.79
884,,73.79,,73.79
885,,68.58,,68.58
886,,71.34,,71.34
887,,69.83,,69.83
888,,75.02,,75.02
889,,70.75,,70.75
890,,70.17,,70.17
891,,69.54,,69.54
892,,73.24,,73.24
893,,75.35,,75.35
894,,72.41,,72.41
895,,75.04,,75.04
896,,70.56,,70.56
897,,73.33,,73.33
898,,68.91,,68.91
899,,73.48,,73.48
900,,71.56,,71.56
901,,76.49,,76.49
902,,71.48,,71.48
903,,91.67,,91.67
904,,84.96,,84.96
905,,71.44,,71.44
906,,72.13,,72.13
907,,71.88,,71.88
908,,68.37,,68.37
909,,73.58,,73.58
910,,104.73,,104.73
911,,107.07,,107.07
912,,114.33,,114.33
913,,103.32,,103.32
914,,68.84,,68.84
915,,76.73,,76.73
916,,73.71,,73.71
917,,68.88,,68.88
918,,74.23,,74.23
919,,68.78,,68.78
920,,72.06,,72.06
921,,69.91,,69.91
922,,71.5,,71.5
923,,73.02,,73.02
924,,70.94,,70.94
925,,71.89,,71.89
926,,70.8,,70.8
927,,69.56,,69.56
928,,69.11,,69.11
929,,68.98,,68.98
930,,73.1,,73.1
931,,68.6,,68.6
932,,68.9,,68.9
933,,69.68,,69.68
934,,71.85,,71.85
935,,71.34,,71.34
936,,69.63,,69.63
937,,72.74,,72.74
938,,69.25,,69.25
939,,69.71,,69.71
940,,70.52,,70.52
941,,68.63,,68.63
942,,68.19,,68.19
943,,68.11,,68.11
944,,74.48,,74.48
945,,75.07,,75.07
946,,70.49,,70.49
947,,74.05,,74.05
948,,70.39,,70.39
949,,69.92,,69.92
950,,70.39,,70.39
951,,70.73,,70.73
952,,71.53,,71.53
953,,70.16,,70.16
954,,71.6,,71.6
955,,69.18,,69.18
956,,72.91,,72.91
957,,67.1,,67.1
958,,75.7,,75.7
959,,71.14,,71.14
960,,70.65,,70.65
961,,74.11,,74.11
962,,73.49,,73.49
963,,72.75,,72.75
964,,71.64,,71.64
965,,69.7,,69.7
966,,73.17,,73.17
967,,70.35,,70.35
968,,70.52,,70.52
969,,81.48,,81.48
970,,86.52,,86.52
971,,70.45,,70.45
972,,70.13,,70.13
973,,72.26,,72.26
974,,69.78,,69.78
975,,73.28,,73.28
976,,87.06,,87.06
977,,73.01,,73.01
978,,70.92,,70.92
979,,70.78,,70.78
980,,70,,70
981,,69.74,,69.74
982,,73.7,,73.7
983,,69.18,,69.18
984,,68.46,,68.46
985,,73.43,,73.43
986,,72.91,,72.91
987,,75.38,,75.38
988,,73.81,,73.81
989,,72.24,,72.24
990,,70.89,,70.89
991,,73.65,,73.65
992,,68.74,,68.74
993,,68.99,,68.99
994,,70.49,,70.49
995,,70.21,,70.21
996,,68.02,,68.02
997,,70.87,,70.87
998,,69.14,,69.14
999,,70.34,,70.34
1000,,69.87,,69.87
1001,,67.82,,67.82
1002,,75.04,,75.04
1003,,70.29,,70.29
1004,,71.47,,71.47
1005,,69.75,,69.75
1006,,70.75,,70.75
1007,,70.31,,70.31
1008,,74.63,,74.63
1009,,70.97,,70.97
1010,,72.28,,72.28
1011,,79.1,,79.1
1012,,86.18,,86.18
1013,,83.41,,83.41
1014,,80.39,,80.39
1015,,79.67,,79.67
1016,,84.01,,84.01
1017,,87,,87
1018,,103.25,,103.25
1019,,100.45,,100.45
1020,,70.64,,70.64
1021,,257.18,,257.18
1022,,107.79,,107.79
1023,,111.69,,111.69
1024,,72,,72
1025,,73.81,,73.81
1026,,72.99,,72.99
1027,,69,,69
1028,,77.61,,77.61
1029,,86.94,,86.94
1030,,107.52,,107.52
1031,,71.46,,71.46
1032,,90.88,,90.88
1033,,191.12,,191.12
1034,,89.47,,89.47
1035,,105.32,,105.32
1036,,70.39,,70.39
1037,,87.38,,87.38
1038,,70.4,,70.4
1039,,71.93,,71.93
1040,,71.03,,71.03
1041,,73.75,,73.75
1042,,67.5,,67.5
1043,,67.06,,67.06
1044,,70.44,,70.44
1045,,69.33,,69.33
1046,,69.69,,69.69
1047,,69.27,,69.27
1048,,72.83,,72.83
1049,,71.66,,71.66
1050,,88.65,,88.65
1051,,70.13,,70.13
1052,,91.87,,91.87
1053,,107.37,,107.37
1054,,92.27,,92.27
1055,,73.55,,73.55
1056,,75.26,,75.26
1057,,68.87,,68.87
1058,,105.89,,105.89
1059,,286.61,,286.61
1060,,298.37,,298.37
1061,,242.45,,242.45
1062,,261.46,,261.46
1063,,275.79,,275.79
1064,,300,,300
1065,,293.75,,293.75
1066,,272.68,,272.68
1067,,299.36,,299.36
1068,,299.11,,299.11
1069,,298.02,,298.02
1070,,275.12,,275.12
1071,,281.87,,281.87
1072,,245.48,,245.48
1073,,290.05,,290.05
1074,,289,,289
1075,,300,,300
1076,,281.87,,281.87
1077,,300,,300
1078,,277.36,,277.36
1079,,297.75,,297.75
1080,,272.71,,272.71
1081,,295.69,,295.69
1082,,162.5,,162.5
1083,,264.79,,264.79
1084,,287.5,,287.5
1085,,197.36,,197.36
1086,,294.04,,294.04
1087,,289.96,,289.96
1088,,256.98,,256.98
1089,,131.67,,131.67
1090,,134.85,,134.85
1091,,115.36,,115.36
1092,,106.42,,106.42
1093,,86.25,,86.25
1094,,92.33,,92.33
1095,,87.76,,87.76
1096,,88.58,,88.58
1097,,84.55,,84.55
1098,,68.92,,68.92
1099,,67.7,,67.7
1100,,116.42,,116.42
1101,,102.67,,102.67
1102,,88.85,,88.85
1103,,87.29,,87.29
1104,,73.12,,73.12
1105,,75,,75
1106,,69.47,,69.47
1107,,69.67,,69.67
1108,,68.73,,68.73
1109,,71.12,,71.12
1110,,70.06,,70.06
1111,,73.28,,73.28
1112,,69.88,,69.88
1113,,75.77,,75.77
1114,,72.13,,72.13
1115,,69.28,,69.28
1116,,68.43,,68.43
1117,,68.87,,68.87
1118,,73.72,,73.72
1119,,68.79,,68.79
1120,,87.05,,87.05
1121,,98.73,,98.73
1122,,101.78,,101.78
1123,,81.12,,81.12
1124,,86.08,,86.08
1125,,90.24,,90.24
1126,,73.78,,73.78
1127,,71.14,,71.14
1128,,71.23,,71.23
1129,,70.08,,70.08
1130,,70.88,,70.88
1131,,73.8,,73.8
1132,,84.8,,84.8
1133,,68.84,,68.84
1134,,73.76,,73.76
1135,,76.8,,76.8
1136,,96.23,,96.23
1137,,101.55,,101.55
1138,,72.57,,72.57
1139,,69.6,,69.6
1140,,69.13,,69.13
1141,,69.57,,69.57
1142,,70.42,,70.42
1143,,70.08,,70.08
1144,,71.51,,71.51
1145,,67.57,,67.57
1146,,68.92,,68.92
1147,,71.63,,71.63
1148,,73.63,,73.63
1149,,70.96,,70.96
1150,,73.02,,73.02
1151,,69.53,,69.53
1152,,70.45,,70.45
1153,,70.93,,70.93
1154,,71.08,,71.08
1155,,70.22,,70.22
1156,,72.48,,72.48
1157,,68.34,,68.34
1158,,72.51,,72.51
1159,,73.12,,73.12
1160,,68.82,,68.82
1161,,72.04,,72.04
1162,,68.79,,68.79
1163,,77.16,,77.16
1164,,70.02,,70.02
1165,,72.3,,72.3
1166,,72.89,,72.89
1167,,69.93,,69.93
1168,,70.94,,70.94
1169,,71.34,,71.34
1170,,71.41,,71.41
1171,,72.82,,72.82
1172,,71.47,,71.47
1173,,69.87,,69.87
1174,,73.65,,73.65
1175,,68.79,,68.79
1176,,73.32,,73.32
1177,,68.57,,68.57
1178,,71.19,,71.19
1179,,68.38,,68.38
1180,,72.16,,72.16
1181,,71.42,,71.42
1182,,69.02,,69.02
1183,,68.99,,68.99
1184,,73.48,,73.48
1185,,74.45,,74.45
1186,,68.9,,68.9
1187,,71.86,,71.86
1188,,71.97,,71.97
1189,,69.83,,69.83
1190,,70.25,,70.25
1191,,69.79,,69.79
1192,,75.71,,75.71
1193,,70.59,,70.59
1194,,70.03,,70.03
1195,,71.35,,71.35
1196,,70.29,,70.29
1197,,72.04,,72.04
1198,,70.12,,70.12
1199,,71.01,,71.01
1200,,69.41,,69.41
1201,,69.78,,69.78
1202,,71.17,,71.17
1203,,68.49,,68.49
1204,,71.24,,71.24
1205,,71.38,,71.38
1206,,71.63,,71.63
1207,,72.71,,72.71
1208,,70.04,,70.04
1209,,71.27,,71.27
1210,,72.34,,72.34
1211,,72.09,,72.09
1212,,72.16,,72.16
1213,,70.56,,70.56
1214,,68.7,,68.7
1215,,69.01,,69.01
1216,,71.19,,71.19
1217,,69.98,,69.98
1218,,68.53,,68.53
1219,,69.08,,69.08
1220,,71.51,,71.51
1221,,68.78,,68.78
1222,,69.32,,69.32
1223,,69.5,,69.5
1224,,68.01,,68.01
1225,,71.96,,71.96
1226,,71.66,,71.66
1227,,66.88,,66.88
1228,,68.08,,68.08
1229,,71.48,,71.48
1230,,69.61,,69.61
1231,,68.02,,68.02
1232,,69.55,,69.55
1233,,70.2,,70.2
1234,,74.52,,74.52
1235,,69.94,,69.94
1236,,70.76,,70.76
1237,,69.19,,69.19
1238,,72.3,,72.3
1239,,70.64,,70.64
1240,,68.79,,68.79
1241,,69.74,,69.74
1242,,70.23,,70.23
1243,,68.55,,68.55
1244,,70.19,,70.19
1245,,71.86,,71.86
1246,,70.29,,70.29
1247,,69.24,,69.24
1248,,69.51,,69.51
1249,,70.18,,70.18
1250,,68.34,,68.34
1251,,70.92,,70.92
1252,,70.09,,70.09
1253,,68.12,,68.12
1254,,70.47,,70.47
1255,,70.21,,70.21
1256,,68.96,,68.96
1257,,69.6,,69.6
1258,,70.35,,70.35
1259,,71.18,,71.18
1260,,71.28,,71.28
1261,,68.49,,68.49
1262,,68.49,,68.49
1263,,73.42,,73.42
1264,,69.97,,69.97
1265,,67.71,,67.71
1266,,71.29,,71.29
1267,,68.45,,68.45
1268,,69.31,,69.31
1269,,69.9,,69.9
1270,,68.95,,68.95
1271,,72.86,,72.86
1272,,69.54,,69.54
1273,,69.83,,69.83
1274,,69.12,,69.12
1275,,69.33,,69.33
1276,,68.94,,68.94
1277,,72.11,,72.11
1278,,69.07,,69.07
1279,,67.91,,67.91
1280,,71.61,,71.61
1281,,68.81,,68.81
1282,,67.9,,67.9
1283,,71.37,,71.37
1284,,69.54,,69.54
1285,,69.5,,69.5
1286,,72.56,,72.56
1287,,72.28,,72.28
1288,,70.03,,70.03
1289,,69.06,,69.06
1290,,71.15,,71.15
1291,,68.86,,68.86
1292,,69.93,,69.93
1293,,70.51,,70.51
1294,,71.35,,71.35
1295,,69.93,,69.93
1296,,68.93,,68.93
1297,,68.56,,68.56
1298,,69.43,,69.43
1299,,70.53,,70.53
1300,,71.07,,71.07
1301,,69.74,,69.74
1302,,70.25,,70.25
1303,,69.57,,69.57
1304,,71.3,,71.3
1305,,69.4,,69.4
1306,,68.57,,68.57
1307,,68.39,,68.39
1308,,68.27,,68.27
1309,,70.51,,70.51
1310,,69.96,,69.96
1311,,70.21,,70.21
1312,,69.56,,69.56
1313,,68.89,,68.89
1314,,69.17,,69.17
1315,,69,,69
1316,,67.61,,67.61
1317,,69.73,,69.73
1318,,69.51,,69.51
1319,,68.64,,68.64
1320,,69.21,,69.21
1321,,70.91,,70.91
1322,,70.1,,70.1
1323,,69.01,,69.01
1324,,69.38,,69.38
1325,,69.28,,69.28
1326,,68.1,,68.1
1327,,67.7,,67.7
1328,,71.58,,71.58
1329,,67.68,,67.68
1330,,68.9,,68.9
1331,,70.63,,70.63
1332,,73.15,,73.15
1333,,69.12,,69.12
1334,,69.68,,69.68
1335,,69.75,,69.75
1336,,69.77,,69.77
1337,,68.35,,68.35
1338,,69.36,,69.36
1339,,69.82,,69.82
1340,,69.57,,69.57
1341,,67.93,,67.93
1342,,79.91,,79.91
1343,,78.56,,78.56
1344,,85.46,,85.46
1345,,84.72,,84.72
1346,,103.07,,103.07
1347,,96.36,,96.36
1348,,68.28,,68.28
1349,,72.34,,72.34
1350,,136.26,,136.26
1351,,68.78,,68.78
1352,,251.49,,251.49
1353,,143.02,,143.02
1354,,268.18,,268.18
1355,,176.91,,176.91
1356,,137.3,,137.3
1357,,91.26,,91.26
1358,,131.6,,131.6
1359,,103.63,,103.63
1360,,86.93,,86.93
1361,,70.09,,70.09
1362,,68.64,,68.64
1363,,70.22,,70.22
1364,,69.07,,69.07
1365,,70.09,,70.09
1366,,69.71,,69.71
1367,,70.98,,70.98
1368,,69.06,,69.06
1369,,67.89,,67.89
1370,,70.48,,70.48
1371,,67.13,,67.13
1372,,70,,70
1373,,68.25,,68.25
1374,,69.51,,69.51
1375,,67.66,,67.66
1376,,68.02,,68.02
1377,,67.97,,67.97
1378,,96.26,,96.26
1379,,104.81,,104.81
1380,,236.91,,236.91
1381,,198.08,,198.08
1382,,209.22,,209.22
1383,,106.63,,106.63
1384,,103.57,,103.57
1385,,71.97,,71.97
1386,,73.12,,73.12
1387,,86.9,,86.9
1388,,72.42,,72.42
1389,,72.07,,72.07
1390,,69.71,,69.71
1391,,78.59,,78.59
1392,,69.1,,69.1
1393,,71.86,,71.86
1394,,215.07,,215.07
1395,,89.62,,89.62
1396,,157.84,,157.84
1397,,206.94,,206.94
1398,,235.87,,235.87
1399,,249.37,,249.37
1400,,104.25,,104.25
1401,,89.95,,89.95
1402,,86.19,,86.19
1403,,224.82,,224.82
1404,,86.74,,86.74
1405,,108.65,,108.65
1406,,83.99,,83.99
1407,,85.23,,85.23
1408,,71.55,,71.55
1409,,83.84,,83.84
1410,,85.8,,85.8
1411,,126.24,,126.24
1412,,113.19,,113.19
1413,,123.1,,123.1
1414,,121.44,,121.44
1415,,70.38,,70.38
1416,,84.84,,84.84
1417,,88.06,,88.06
1418,,89.89,,89.89
1419,,87.55,,87.55
1420,,84.81,,84.81
1421,,86.33,,86.33
1422,,87.29,,87.29
1423,,70.22,,70.22
1424,,69.57,,69.57
1425,,83.18,,83.18
1426,,80.83,,80.83
1427,,69.76,,69.76
1428,,69.45,,69.45
1429,,72.6,,72.6
1430,,87.92,,87.92
1431,,83.72,,83.72
1432,,68.69,,68.69
1433,,69.26,,69.26
1434,,70.07,,70.07
1435,,70.28,,70.28
1436,,68.58,,68.58
1437,,70.22,,70.22
1438,,104.99,,104.99
1439,,70.78,,70.78
1440,,68.27,,68.27
1441,,69.66,,69.66
1442,,70.25,,70.25
1443,,69.41,,69.41
1444,,68.39,,68.39
1445,,69.72,,69.72
1446,,69.47,,69.47
1447,,68.86,,68.86
1448,,69.4,,69.4
1449,,68.31,,68.31
1450,,88.2,,88.2
1451,,69.61,,69.61
1452,,68.02,,68.02
1453,,69.15,,69.15
1454,,69.16,,69.16
1455,,68.29,,68.29
1456,,80.68,,80.68
1457,,68.83,,68.83
1458,,68.52,,68.52
1459,,69.48,,69.48
1460,,68.25,,68.25
1461,,67.82,,67.82
1462,,68.54,,68.54
1463,,100.48,,100.48
1464,,85.32,,85.32
1465,,164.28,,164.28
1466,,109.59,,109.59
1467,,137.32,,137.32
1468,,157.46,,157.46
1469,,286.31,,286.31
1470,,284.45,,284.45
1471,,152.02,,152.02
1472,,170.17,,170.17
1473,,243.35,,243.35
1474,,86.67,,86.67
1475,,112.74,,112.74
1476,,121.65,,121.65
1477,,86.06,,86.06
1478,,85.8,,85.8
1479,,70.15,,70.15
1480,,82.81,,82.81
1481,,82.56,,82.56
1482,,70.11,,70.11
1483,,72.48,,72.48
1484,,79.15,,79.15
1485,,83.92,,83.92
1486,,72.08,,72.08
1487,,92.51,,92.51
1488,,75.48,,75.48
1489,,73.81,,73.81
1490,,68.97,,68.97
1491,,69.97,,69.97
1492,,77.6,,77.6
1493,,84.26,,84.26
1494,,69.42,,69.42
1495,,85.59,,85.59
1496,,93.93,,93.93
1497,,96.4,,96.4
1498,,69.17,,69.17
1499,,68.94,,68.94
1500,,79.69,,79.69
1501,,67.72,,67.72
1502,,68.75,,68.75
1503,,69.24,,69.24
1504,,84.59,,84.59
1505,,91.9,,91.9
1506,,84.71,,84.71
1507,,80.42,,80.42
1508,,68.32,,68.32
1509,,69.98,,69.98
1510,,68.45,,68.45
1511,,69.97,,69.97
1512,,67.91,,67.91
1513,,70.3,,70.3
1514,,69.12,,69.12
1515,,68.87,,68.87
1516,,67.86,,67.86
1517,,68.29,,68.29
1518,,68.22,,68.22
1519,,71.56,,71.56
1520,,68.95,,68.95
1521,,69.7,,69.7
1522,,68.44,,68.44
1523,,69.06,,69.06
1524,,68.76,,68.76
1525,,69.58,,69.58
1526,,68.81,,68.81
1527,,69.44,,69.44
1528,,71.74,,71.74
1529,,69.05,,69.05
1530,,68.35,,68.35
1531,,69.72,,69.72
1532,,68.29,,68.29
1533,,67.44,,67.44
1534,,67.7,,67.7
1535,,68.5,,68.5
1536,,68.19,,68.19
1537,,69.23,,69.23
1538,,69.47,,69.47
1539,,68.53,,68.53
1540,,70.73,,70.73
1541,,67.16,,67.16
1542,,68.28,,68.28
1543,,66.74,,66.74
1544,,70.31,,70.31
1545,,68.17,,68.17
1546,,69.7,,69.7
1547,,67.69,,67.69
1548,,70.16,,70.16
1549,,69.37,,69.37
1550,,69.2,,69.2
1551,,70.58,,70.58
1552,,106.83,,106.83
1553,,69.87,,69.87
1554,,71.26,,71.26
1555,,71.76,,71.76
1556,,87.98,,87.98
1557,,209.36,,209.36
1558,,124.71,,124.71
1559,,115.73,,115.73
1560,,116.17,,116.17
1561,,100.85,,100.85
1562,,85.53,,85.53
1563,,232.21,,232.21
1564,,221.95,,221.95
1565,,221.87,,221.87
1566,,120.85,,120.85
1567,,119.77,,119.77
1568,,260.65,,260.65
1569,,290.24,,290.24
1570,,300,,300
1571,,251.41,,251.41
1572,,299.38,,299.38
1573,,293.8,,293.8
1574,,300,,300
1575,,300,,300
1576,,298.8,,298.8
1577,,293.12,,293.12
1578,,295.27,,295.27
1579,,300,,300
1580,,284.53,,284.53
1581,,300,,300
1582,,181.77,,181.77
1583,,279.76,,279.76
1584,,298.42,,298.42
1585,,166.73,,166.73
1586,,254.62,,254.62
1587,,285.82,,285.82
1588,,210.31,,210.31
1589,,158.82,,158.82
1590,,201.87,,201.87
1591,,108.62,,108.62
1592,,109.91,,109.91
1593,,250.52,,250.52
1594,,116.81,,116.81
1595,,260.56,,260.56
1596,,116.55,,116.55
1597,,106.15,,106.15
1598,,113.92,,113.92
1599,,217.34,,217.34
1600,,68.38,,68.38
1601,,101.99,,101.99
1602,,85.28,,85.28
1603,,80.56,,80.56
1604,,68.92,,68.92
1605,,67.45,,67.45
1606,,68.43,,68.43
1607,,85.29,,85.29
1608,,67.27,,67.27
1609,,69.01,,69.01
1610,,67.99,,67.99
1611,,67.8,,67.8
1612,,69,,69
1613,,68.43,,68.43
1614,,66.86,,66.86
1615,,67.89,,67.89
1616,,68.54,,68.54
1617,,68.13,,68.13
1618,,67.67,,67.67
1619,,67.21,,67.21
1620,,68.31,,68.31
1621,,67.16,,67.16
1622,,68.58,,68.58
1623,,69.18,,69.18
1624,,68.21,,68.21
1625,,69.62,,69.62
1626,,69.9,,69.9
1627,,72.12,,72.12
1628,,68.67,,68.67
1629,,68.63,,68.63
1630,,67.8,,67.8
1631,,67.9,,67.9
1632,,67.32,,67.32
1633,,68.47,,68.47
1634,,69.74,,69.74
1635,,69.59,,69.59
1636,,67.9,,67.9
1637,,67.83,,67.83
1638,,67.72,,67.72
1639,,67.29,,67.29
1640,,68.45,,68.45
1641,,67.77,,67.77
1642,,71.6,,71.6
1643,,67.8,,67.8
1644,,68.64,,68.64
1645,,68.35,,68.35
1646,,68.12,,68.12
1647,,68.54,,68.54
1648,,66.46,,66.46
1649,,67.94,,67.94
1650,,68.73,,68.73
1651,,69.54,,69.54
1652,,67.96,,67.96
1653,,68.59,,68.59
1654,,69.76,,69.76
1655,,68.67,,68.67
1656,,69.51,,69.51
1657,,68.57,,68.57
1658,,69.01,,69.01
1659,,69.04,,69.04
1660,,69.27,,69.27
1661,,69.13,,69.13
1662,,68.63,,68.63
1663,,68.59,,68.59
1664,,95.18,,95.18
1665,,93.38,,93.38
1666,,70.65,,70.65
1667,,67.5,,67.5
1668,,68.32,,68.32
1669,,68.15,,68.15
1670,,68.98,,68.98
1671,,70.07,,70.07
1672,,69.11,,69.11
1673,,68.71,,68.71
1674,,67.88,,67.88
1675,,96.84,,96.84
1676,,92.79,,92.79
1677,,68.48,,68.48
1678,,68.42,,68.42
1679,,67.71,,67.71
1680,,67.65,,67.65
1681,,69.66,,69.66
1682,,68.62,,68.62
1683,,70.97,,70.97
1684,,67.75,,67.75
1685,,67.33,,67.33
1686,,77.01,,77.01
1687,,75.44,,75.44
1688,,77.99,,77.99
1689,,69.84,,69.84
1690,,75.31,,75.31
1691,,68.39,,68.39
1692,,69.45,,69.45
1693,,104.92,,104.92
1694,,66.93,,66.93
1695,,78.15,,78.15
1696,,81.73,,81.73
1697,,70.37,,70.37
1698,,68.14,,68.14
1699,,69.17,,69.17
1700,,69.34,,69.34
1701,,68.35,,68.35
1702,,84.6,,84.6
1703,,68.95,,68.95
1704,,67.54,,67.54
1705,,68.17,,68.17
1706,,68.73,,68.73
1707,,68.08,,68.08
1708,,67.79,,67.79
1709,,67.63,,67.63
1710,,67.95,,67.95
1711,,69.11,,69.11
1712,,70.33,,70.33
1713,,69.19,,69.19
1714,,69.65,,69.65
1715,,69.54,,69.54
1716,,67.56,,67.56
1717,,68.99,,68.99
1718,,68.79,,68.79
1719,,68.24,,68.24
1720,,70.17,,70.17
1721,,67.98,,67.98
1722,,68.41,,68.41
1723,,67.69,,67.69
1724,,68.51,,68.51
1725,,68.49,,68.49
1726,,67.91,,67.91
1727,,68.84,,68.84
1728,,68.7,,68.7
1729,,69.52,,69.52
1730,,67.23,,67.23
1731,,68.98,,68.98
1732,,68.45,,68.45
1733,,73.08,,73.08
1734,,67.88,,67.88
1735,,67.56,,67.56
1736,,66.58,,66.58
1737,,68.82,,68.82
1738,,69.41,,69.41
1739,,66.97,,66.97
1740,,68.02,,68.02
1741,,67.84,,67.84
1742,,68.42,,68.42
1743,,67.17,,67.17
1744,,68.82,,68.82
1745,,69.78,,69.78
1746,,84.11,,84.11
1747,,69.85,,69.85
1748,,86.1,,86.1
1749,,68.11,,68.11
1750,,67.02,,67.02
1751,,68.08,,68.08
1752,,65.89,,65.89
1753,,68.42,,68.42
1754,,67.54,,67.54
1755,,69.18,,69.18
1756,,69.52,,69.52
1757,,68.52,,68.52
1758,,68.32,,68.32
1759,,68.95,,68.95
1760,,67.78,,67.78
1761,,68.4,,68.4
1762,,67.22,,67.22
1763,,68.47,,68.47
1764,,67.83,,67.83
1765,,68.16,,68.16
1766,,67.94,,67.94
1767,,69.71,,69.71
1768,,69.06,,69.06
1769,,69.44,,69.44
1770,,68.13,,68.13
1771,,70.93,,70.93
1772,,69.56,,69.56
1773,,68.84,,68.84
1774,,68.5,,68.5
1775,,68.11,,68.11
1776,,68.27,,68.27
1777,,67.94,,67.94
1778,,70.17,,70.17
1779,,67.42,,67.42
1780,,66.94,,66.94
1781,,67.08,,67.08
1782,,66.54,,66.54
1783,,68.97,,68.97
1784,,68.96,,68.96
1785,,68.11,,68.11
1786,,69.56,,69.56
1787,,68.44,,68.44
1788,,67.33,,67.33
1789,,71.45,,71.45
1790,,67.84,,67.84
1791,,69.12,,69.12
1792,,70.31,,70.31
1793,,70.57,,70.57
1794,,68.69,,68.69
1795,,68.09,,68.09
1796,,67.95,,67.95
1797,,68.62,,68.62
1798,,170.45,,170.45
1799,,167.69,,167.69
1800,,68.55,,68.55
1801,,70.81,,70.81
1802,,67.98,,67.98
1803,,69.29,,69.29
1804,,88.54,,88.54
1805,,68.68,,68.68
1806,,207.12,,207.12
1807,,117.47,,117.47
1808,,289.24,,289.24
1809,,276.66,,276.66
1810,,299.3,,299.3
1811,,294.11,,294.11
1812,,280.68,,280.68
1813,,278.96,,278.96
1814,,300,,300
1815,,279.91,,279.91
1816,,300,,300
1817,,297.3,,297.3
1818,,300,,300
1819,,278.48,,278.48
1820,,249.98,,249.98
1821,,288.73,,288.73
1822,,271.48,,271.48
1823,,277.43,,277.43
1824,,279.58,,279.58
1825,,290.11,,290.11
1826,,215.48,,215.48
1827,,287.7,,287.7
1828,,245.12,,245.12
1829,,137.93,,137.93
1830,,120.65,,120.65
1831,,214.57,,214.57
1832,,147.86,,147.86
1833,,97.46,,97.46
1834,,117.93,,117.93
1835,,133.85,,133.85
1836,,170.47,,170.47
1837,,151.37,,151.37
1838,,119.69,,119.69
1839,,141.3,,141.3
1840,,103.84,,103.84
1841,,122.55,,122.55
1842,,100.8,,100.8
1843,,67.73,,67.73
1844,,83.25,,83.25
1845,,70.58,,70.58
1846,,84.26,,84.26
1847,,80.17,,80.17
1848,,86.94,,86.94
1849,,67.12,,67.12
1850,,71.08,,71.08
1851,,81.03,,81.03
1852,,73.92,,73.92
1853,,69.74,,69.74
1854,,67.68,,67.68
1855,,68.19,,68.19
1856,,67.4,,67.4
1857,,68.12,,68.12
1858,,68.22,,68.22
1859,,69.49,,69.49
1860,,67.64,,67.64
1861,,71.02,,71.02
1862,,67.6,,67.6
1863,,68.53,,68.53
1864,,68.21,,68.21
1865,,67.15,,67.15
1866,,70.33,,70.33
1867,,68.31,,68.31
1868,,68.15,,68.15
1869,,67.21,,67.21
1870,,70.81,,70.81
1871,,68.13,,68.13
1872,,68.21,,68.21
1873,,67.85,,67.85
1874,,68.75,,68.75
1875,,68.01,,68.01
1876,,82.59,,82.59
1877,,68.6,,68.6
1878,,67.57,,67.57
1879,,66.57,,66.57
1880,,69.2,,69.2
1881,,68.15,,68.15
1882,,68.33,,68.33
1883,,70.64,,70.64
1884,,69.65,,69.65
1885,,68.54,,68.54
1886,,69.09,,69.09
1887,,83.79,,83.79
1888,,68.56,,68.56
1889,,67.96,,67.96
1890,,67.23,,67.23
1891,,69.08,,69.08
1892,,80.64,,80.64
1893,,79.99,,79.99
1894,,92.9,,92.9
1895,,84.94,,84.94
1896,,88.66,,88.66
1897,,287.84,,287.84
1898,,227.75,,227.75
1899,,155.69,,155.69
1900,,250.84,,250.84
1901,,143.41,,143.41
1902,,149.71,,149.71
1903,,186.75,,186.75
1904,,144.89,,144.89
1905,,69.77,,69.77
1906,,117.29,,117.29
1907,,171.72,,171.72
1908,,105.8,,105.8
1909,,83.25,,83.25
1910,,100.96,,100.96
1911,,118.9,,118.9
1912,,87.7,,87.7
1913,,147.98,,147.98
1914,,229.07,,229.07
1915,,122.95,,122.95
1916,,67.35,,67.35
1917,,66.44,,66.44
1918,,98.54,,98.54
1919,,67.6,,67.6
1920,,98.9,,98.9
1921,,84.29,,84.29
1922,,68.45,,68.45
1923,,150.56,,150.56
1924,,96.72,,96.72
1925,,68.24,,68.24
1926,,101.37,,101.37
1927,,213.07,,213.07
1928,,100.77,,100.77
1929,,257.91,,257.91
1930,,206.63,,206.63
1931,,162.71,,162.71
1932,,103.05,,103.05
1933,,223.65,,223.65
1934,,84.68,,84.68
1935,,100.8,,100.8
1936,,74.66,,74.66
1937,,73.69,,73.69
1938,,76.29,,76.29
1939,,78.5,,78.5
1940,,69.67,,69.67
1941,,69.37,,69.37
1942,,67.67,,67.67
1943,,66.69,,66.69
1944,,68.4,,68.4
1945,,68.01,,68.01
1946,,67.68,,67.68
1947,,68.5,,68.5
1948,,83.84,,83.84
1949,,81.92,,81.92
1950,,67.38,,67.38
1951,,67.71,,67.71
1952,,68.83,,68.83
1953,,68.76,,68.76
1954,,67.3,,67.3
1955,,68.17,,68.17
1956,,68.81,,68.81
1957,,67.18,,67.18
1958,,67.3,,67.3
1959,,67.8,,67.8
1960,,69.91,,69.91
1961,,70.46,,70.46
1962,,67.61,,67.61
1963,,69.32,,69.32
1964,,68.98,,68.98
1965,,69.24,,69.24
1966,,68.75,,68.75
1967,,71.29,,71.29
1968,,68.38,,68.38
1969,,70.21,,70.21
1970,,69.08,,69.08
1971,,71.17,,71.17
1972,,85.5,,85.5
1973,,85.2,,85.2
1974,,84.52,,84.52
1975,,86.26,,86.26
1976,,69.75,,69.75
1977,,66.19,,66.19
1978,,69.08,,69.08
1979,,67.25,,67.25
1980,,67.95,,67.95
1981,,69.8,,69.8
1982,,68.45,,68.45
1983,,70.04,,70.04
1984,,68.11,,68.11
1985,,68.45,,68.45
1986,,68.01,,68.01
1987,,68.22,,68.22
1988,,67.84,,67.84
1989,,77.59,,77.59
1990,,67.49,,67.49
1991,,67.33,,67.33
1992,,67.58,,67.58
1993,,69.01,,69.01
1994,,86.15,,86.15
1995,,81.04,,81.04
1996,,288.67,,288.67
1997,,262.01,,262.01
1998,,143.56,,143.56
1999,,227.14,,227.14
2000,,141.34,,141.34
2001,,155.5,,155.5
2002,,103.03,,103.03
2003,,107.05,,107.05
2004,,68.35,,68.35
2005,,127.4,,127.4
2006,,134.47,,134.47
2007,,102.07,,102.07
2008,,247.75,,247.75
2009,,190.68,,190.68
2010,,103.61,,103.61
2011,,254.26,,254.26
2012,,125.26,,125.26
2013,,297.47,,297.47
2014,,109.28,,109.28
2015,,109.8,,109.8
2016,,145.01,,145.01
2017,,77.17,,77.17
2018,,104.14,,104.14
2019,,91.15,,91.15
2020,,86.99,,86.99
2021,,84.42,,84.42
2022,,68.95,,68.95
2023,,98.05,,98.05
2024,,110.03,,110.03
2025,,225.5,,225.5
2026,,85.28,,85.28
2027,,224.78,,224.78
2028,,114.57,,114.57
2029,,118.85,,118.85
2030,,91.07,,91.07
2031,,86.14,,86.14
2032,,107.06,,107.06
2033,,86.09,,86.09
2034,,135.24,,135.24
2035,,87.8,,87.8
2036,,158.93,,158.93
2037,,83.61,,83.61
2038,,100.5,,100.5
2039,,149.68,,149.68
2040,,99.05,,99.05
2041,,85,,85
2042,,85.63,,85.63
2043,,109.83,,109.83
2044,,69.33,,69.33
2045,,101.21,,101.21
2046,,69.08,,69.08
2047,,67.84,,67.84
2048,,69.71,,69.71
2049,,78.63,,78.63
2050,,84.27,,84.27
2051,,79.52,,79.52
2052,,69.32,,69.32
2053,,68.81,,68.81
2054,,71.58,,71.58
2055,,72.38,,72.38
2056,,84.31,,84.31
2057,,69.57,,69.57
2058,,69.63,,69.63
2059,,74.1,,74.1
2060,,76.33,,76.33
2061,,84.05,,84.05
2062,,68.88,,68.88
2063,,81.24,,81.24
2064,,70.15,,70.15
2065,,72,,72
2066,,67.9,,67.9
2067,,75.67,,75.67
2068,,74.02,,74.02
2069,,80.97,,80.97
2070,,78.37,,78.37
2071,,69.33,,69.33
2072,,69.04,,69.04
2073,,78.34,,78.34
2074,,69.43,,69.43
2075,,68.23,,68.23
2076,,83.63,,83.63
2077,,99.36,,99.36
2078,,67.92,,67.92
2079,,68.6,,68.6
2080,,68.01,,68.01
2081,,67.74,,67.74
2082,,68.79,,68.79
2083,,68.23,,68.23
2084,,66.02,,66.02
2085,,69.47,,69.47
2086,,68.83,,68.83
2087,,70.18,,70.18
2088,,80.22,,80.22
2089,,67.51,,67.51
2090,,68.55,,68.55
2091,,70.29,,70.29
2092,,65.99,,65.99
2093,,69.2,,69.2
2094,,68.08,,68.08
2095,,68.12,,68.12
2096,,68.9,,68.9
2097,,67.95,,67.95
2098,,67.63,,67.63
2099,,68.12,,68.12
2100,,67.77,,67.77
2101,,69.37,,69.37
2102,,67.27,,67.27
2103,,68.33,,68.33
2104,,69,,69
2105,,67.99,,67.99
2106,,69.13,,69.13
2107,,68.25,,68.25
2108,,67.65,,67.65
2109,,69.53,,69.53
2110,,71.88,,71.88
2111,,67.15,,67.15
2112,,69.61,,69.61
2113,,67.86,,67.86
2114,,69.11,,69.11
2115,,67.72,,67.72
2116,,68.67,,68.67
2117,,68.97,,68.97
2118,,68.93,,68.93
2119,,68.09,,68.09
2120,,68.48,,68.48
2121,,69.29,,69.29
2122,,70.5,,70.5
2123,,70.04,,70.04
2124,,68.66,,68.66
2125,,67.45,,67.45
2126,,69.29,,69.29
2127,,72.05,,72.05
2128,,68.07,,68.07
2129,,69.45,,69.45
2130,,68.46,,68.46
2131,,67.88,,67.88
2132,,67.95,,67.95
2133,,67.12,,67.12
2134,,72.37,,72.37
2135,,68.88,,68.88
2136,,69.15,,69.15
2137,,68.63,,68.63
2138,,71.76,,71.76
2139,,68.63,,68.63
2140,,67.22,,67.22
2141,,68.62,,68.62
2142,,69.57,,69.57
2143,,68.75,,68.75
2144,,67.7,,67.7
2145,,68.38,,68.38
2146,,68.34,,68.34
2147,,69.87,,69.87
2148,,68.49,,68.49
2149,,67.54,,67.54
2150,,82.28,,82.28
2151,,70.8,,70.8
2152,,68.21,,68.21
2153,,68.89,,68.89
2154,,68.81,,68.81
2155,,68.67,,68.67
2156,,69.35,,69.35
2157,,68.87,,68.87
2158,,68.43,,68.43
2159,,68.14,,68.14
2160,,71.12,,71.12
2161,,68.34,,68.34
2162,,68.48,,68.48
2163,,67.39,,67.39
2164,,92.63,,92.63
2165,,95.91,,95.91
2166,,106.87,,106.87
2167,,66.89,,66.89
2168,,81.01,,81.01
2169,,177.29,,177.29
2170,,240.96,,240.96
2171,,129.79,,129.79
2172,,256.32,,256.32
2173,,164.62,,164.62
2174,,270.48,,270.48
2175,,298.5,,298.5
2176,,286.82,,286.82
2177,,263.16,,263.16
2178,,297.22,,297.22
2179,,291.75,,291.75
2180,,299.17,,299.17
2181,,275.25,,275.25
2182,,272.15,,272.15
2183,,201.89,,201.89
2184,,189.8,,189.8
2185,,147.06,,147.06
2186,,263.56,,263.56
2187,,185.75,,185.75
2188,,298.87,,298.87
2189,,96.69,,96.69
2190,,151.88,,151.88
2191,,118.1,,118.1
2192,,238.46,,238.46
2193,,108.69,,108.69
2194,,112.22,,112.22
2195,,113.67,,113.67
2196,,116.21,,116.21
2197,,118.02,,118.02
2198,,103.26,,103.26
2199,,109.26,,109.26
2200,,111.05,,111.05
2201,,86.35,,86.35
2202,,69.73,,69.73
2203,,68.71,,68.71
2204,,70.1,,70.1
2205,,115.16,,115.16
2206,,66.64,,66.64
2207,,68.55,,68.55
2208,,68.68,,68.68
2209,,70.79,,70.79
2210,,69.5,,69.5
2211,,67.33,,67.33
2212,,68.83,,68.83
2213,,67.87,,67.87
2214,,70.71,,70.71
2215,,67.62,,67.62
2216,,68.13,,68.13
2217,,68.91,,68.91
2218,,69.14,,69.14
2219,,67.75,,67.75
2220,,67.88,,67.88
2221,,68.29,,68.29
2222,,67.15,,67.15
2223,,66.61,,66.61
2224,,68.29,,68.29
2225,,67.37,,67.37
2226,,67.31,,67.31
2227,,67.81,,67.81
2228,,69.45,,69.45
2229,,67.76,,67.76
2230,,68.02,,68.02
2231,,68.45,,68.45
2232,,67.52,,67.52
2233,,68.17,,68.17
2234,,69.28,,69.28
2235,,68.55,,68.55
2236,,68.17,,68.17
2237,,70.17,,70.17
2238,,68.34,,68.34
2239,,69.14,,69.14
2240,,68.53,,68.53
2241,,67.6,,67.6
2242,,68.19,,68.19
2243,,68.38,,68.38
2244,,68.02,,68.02
2245,,86.23,,86.23
2246,,68.07,,68.07
2247,,69.04,,69.04
2248,,69.45,,69.45
2249,,68.8,,68.8
2250,,69.73,,69.73
2251,,68.13,,68.13
2252,,68.76,,68.76
2253,,68.63,,68.63
2254,,67.48,,67.48
2255,,68.58,,68.58
2256,,66.85,,66.85
2257,,85.68,,85.68
2258,,67.89,,67.89
2259,,68.1,,68.1
2260,,71.18,,71.18
2261,,96.11,,96.11
2262,,96.63,,96.63
2263,,178.06,,178.06
2264,,215.12,,215.12
2265,,173.5,,173.5
2266,,177.77,,177.77
2267,,88.52,,88.52
2268,,90.25,,90.25
2269,,91.19,,91.19
2270,,237.8,,237.8
2271,,94.81,,94.81
2272,,126.02,,126.02
2273,,144.6,,144.6
2274,,221.01,,221.01
2275,,174.66,,174.66
2276,,88.69,,88.69
2277,,232.18,,232.18
2278,,141.47,,141.47
2279,,119.38,,119.38
2280,,106.33,,106.33
2281,,117.72,,117.72
2282,,121.51,,121.51
2283,,149.1,,149.1
2284,,143.76,,143.76
2285,,233.17,,233.17
2286,,252.54,,252.54
2287,,210.84,,210.84
2288,,176.5,,176.5
2289,,132.16,,132.16
2290,,71.13,,71.13
2291,,67.16,,67.16
2292,,89.04,,89.04
2293,,84.17,,84.17
2294,,116.22,,116.22
2295,,69.34,,69.34
2296,,83.95,,83.95
2297,,84.37,,84.37
2298,,68.63,,68.63
2299,,66.55,,66.55
2300,,84.56,,84.56
2301,,69.74,,69.74
2302,,83.37,,83.37
2303,,114.98,,114.98
2304,,83.42,,83.42
2305,,68.33,,68.33
2306,,83.15,,83.15
2307,,67.55,,67.55
2308,,68.76,,68.76
2309,,69.52,,69.52
2310,,67.01,,67.01
2311,,68.7,,68.7
2312,,67.69,,67.69
2313,,70.2,,70.2
2314,,68.83,,68.83
2315,,67.45,,67.45
2316,,69.59,,69.59
2317,,70.1,,70.1
2318,,69.23,,69.23
2319,,68.5,,68.5
2320,,67.9,,67.9
2321,,68.09,,68.09
2322,,66.88,,66.88
2323,,68.85,,68.85
2324,,66.69,,66.69
2325,,67.31,,67.31
2326,,67.81,,67.81
2327,,66.53,,66.53
2328,,68.06,,68.06
2329,,67.67,,67.67
2330,,68.56,,68.56
2331,,69.33,,69.33
2332,,68.93,,68.93
2333,,67.58,,67.58
2334,,67.7,,67.7
2335,,68.81,,68.81
2336,,68.32,,68.32
2337,,69.9,,69.9
2338,,68.48,,68.48
2339,,67.87,,67.87
2340,,67.35,,67.35
2341,,66.18,,66.18
2342,,68.65,,68.65
2343,,69.31,,69.31
2344,,68.3,,68.3
2345,,66.47,,66.47
2346,,68.33,,68.33
2347,,67.36,,67.36
2348,,67.24,,67.24
2349,,68.84,,68.84
2350,,68.87,,68.87
2351,,68.69,,68.69
2352,,70.1,,70.1
2353,,67.42,,67.42
2354,,67.2,,67.2
2355,,66.99,,66.99
2356,,67.31,,67.31
2357,,68.66,,68.66
2358,,67.75,,67.75
2359,,81.64,,81.64
2360,,70.02,,70.02
2361,,86.27,,86.27
2362,,83.98,,83.98
2363,,70.88,,70.88
2364,,69.05,,69.05
2365,,69.9,,69.9
2366,,122.04,,122.04
2367,,115.21,,115.21
2368,,227.38,,227.38
2369,,94.64,,94.64
2370,,70.58,,70.58
2371,,67.45,,67.45
2372,,68.58,,68.58
2373,,67.79,,67.79
2374,,67.5,,67.5
2375,,69.33,,69.33
2376,,68.75,,68.75
2377,,67.89,,67.89
2378,,71.19,,71.19
2379,,67.65,,67.65
2380,,68.03,,68.03
2381,,68.66,,68.66
2382,,69.05,,69.05
2383,,68.68,,68.68
2384,,67.69,,67.69
2385,,66.73,,66.73
2386,,68.73,,68.73
2387,,68.77,,68.77
2388,,70.22,,70.22
2389,,68.3,,68.3
2390,,66.69,,66.69
2391,,69.92,,69.92
2392,,66.27,,66.27
2393,,67.6,,67.6
2394,,67.54,,67.54
2395,,69.43,,69.43
2396,,70,,70
2397,,67.48,,67.48
2398,,68.05,,68.05
2399,,67.36,,67.36
2400,,67.61,,67.61
2401,,68.32,,68.32
2402,,66.84,,66.84
2403,,67.4,,67.4
2404,,66.36,,66.36
2405,,66.68,,66.68
2406,,67.47,,67.47
2407,,67.65,,67.65
2408,,67.5,,67.5
2409,,67.04,,67.04
2410,,67.38,,67.38
2411,,70.3,,70.3
2412,,67.49,,67.49
2413,,67.97,,67.97
2414,,67.64,,67.64
2415,,67.42,,67.42
2416,,68.42,,68.42
2417,,68.56,,68.56
2418,,67.44,,67.44
2419,,66.18,,66.18
2420,,67.9,,67.9
2421,,66.67,,66.67
2422,,67.45,,67.45
2423,,68.43,,68.43
2424,,67.83,,67.83
2425,,68.68,,68.68
2426,,68.14,,68.14
2427,,70.1,,70.1
2428,,68.14,,68.14
2429,,68.08,,68.08
2430,,70.15,,70.15
2431,,68.46,,68.46
2432,,71.05,,71.05
2433,,67.76,,67.76
2434,,68.81,,68.81
2435,,70.4,,70.4
2436,,68.43,,68.43
2437,,68.7,,68.7
2438,,66.7,,66.7
2439,,67.38,,67.38
2440,,67.67,,67.67
2441,,70.14,,70.14
2442,,68.04,,68.04
2443,,67.72,,67.72
2444,,69.22,,69.22
2445,,68.16,,68.16
2446,,68.19,,68.19
2447,,68.2,,68.2
2448,,66.83,,66.83
2449,,68.85,,68.85
2450,,69.91,,69.91
2451,,68.08,,68.08
2452,,68.64,,68.64
2453,,69.67,,69.67
2454,,68.18,,68.18
2455,,67.45,,67.45
2456,,69.11,,69.11
2457,,68.07,,68.07
2458,,68.94,,68.94
2459,,67.49,,67.49
2460,,67.84,,67.84
2461,,90.96,,90.96
2462,,79.23,,79.23
2463,,76.49,,76.49
2464,,72.07,,72.07
2465,,81.38,,81.38
2466,,79.96,,79.96
2467,,71.77,,71.77
2468,,70.62,,70.62
2469,,70.35,,70.35
2470,,75.51,,75.51
2471,,68.71,,68.71
2472,,68.67,,68.67
2473,,67.04,,67.04
2474,,67.18,,67.18
2475,,71.84,,71.84
2476,,68.47,,68.47
2477,,70.86,,70.86
2478,,82.86,,82.86
2479,,65.99,,65.99
2480,,68.3,,68.3
2481,,68.76,,68.76
2482,,70.15,,70.15
2483,,67.26,,67.26
2484,,70.53,,70.53
2485,,67.51,,67.51
2486,,69.71,,69.71
2487,,72.09,,72.09
2488,,67.84,,67.84
2489,,67.57,,67.57
2490,,67.36,,67.36
2491,,67.79,,67.79
2492,,70.99,,70.99
2493,,71.11,,71.11
2494,,68.44,,68.44
2495,,69.11,,69.11
2496,,71.32,,71.32
2497,,71.26,,71.26
2498,,71,,71
2499,,69.09,,69.09
2500,,67.39,,67.39
2501,,71.86,,71.86
2502,,67.82,,67.82
2503,,68.43,,68.43
2504,,70.09,,70.09
2505,,71.67,,71.67
2506,,74.79,,74.79
2507,,70.14,,70.14
2508,,69.04,,69.04
2509,,68.95,,68.95
2510,,71.89,,71.89
2511,,67.41,,67.41
2512,,71.46,,71.46
2513,,69.5,,69.5
2514,,71.6,,71.6
2515,,67.73,,67.73
2516,,67.23,,67.23
2517,,68.65,,68.65
2518,,73.59,,73.59
2519,,67.01,,67.01
2520,,67.95,,67.95
2521,,70.96,,70.96
2522,,68.65,,68.65
2523,,68.24,,68.24
2524,,68.37,,68.37
2525,,70.42,,70.42
2526,,71.97,,71.97
2527,,67.59,,67.59
2528,,68.69,,68.69
2529,,69.19,,69.19
2530,,67.17,,67.17
2531,,68.9,,68.9
2532,,69.78,,69.78
2533,,72.79,,72.79
2534,,66.39,,66.39
2535,,68.07,,68.07
2536,,68.8,,68.8
2537,,68.26,,68.26
2538,,68.8,,68.8
2539,,69.51,,69.51
2540,,71.95,,71.95
2541,,71.88,,71.88
2542,,70.94,,70.94
2543,,68.91,,68.91
2544,,68.18,,68.18
2545,,71.4,,71.4
2546,,70.85,,70.85
2547,,67.95,,67.95
2548,,70.65,,70.65
2549,,71.85,,71.85
2550,,68.88,,68.88
2551,,71.11,,71.11
2552,,70.58,,70.58
2553,,70.27,,70.27
2554,,67.8,,67.8
2555,,69.77,,69.77
2556,,99.07,,99.07
2557,,99.99,,99.99
2558,,99.99,,99.99
2559,,103.54,,103.54
2560,,84.95,,84.95
2561,,68.69,,68.69
2562,,68.03,,68.03
2563,,67.92,,67.92
2564,,69.35,,69.35
2565,,68.27,,68.27
2566,,67.02,,67.02
2567,,67.86,,67.86
2568,,74.46,,74.46
2569,,68.57,,68.57
2570,,98.84,,98.84
2571,,68.63,,68.63
2572,,69.31,,69.31
2573,,67.23,,67.23
2574,,68.25,,68.25
2575,,68.35,,68.35
2576,,67.39,,67.39
2577,,100.15,,100.15
2578,,93.34,,93.34
2579,,126.89,,126.89
2580,,113.72,,113.72
2581,,119.81,,119.81
2582,,272.48,,272.48
2583,,246.63,,246.63
2584,,96.01,,96.01
2585,,229.14,,229.14
2586,,232.88,,232.88
2587,,232.47,,232.47
2588,,133.95,,133.95
2589,,170.87,,170.87
2590,,147.21,,147.21
2591,,137.1,,137.1
2592,,177.67,,177.67
2593,,176.91,,176.91
2594,,232.09,,232.09
2595,,162.22,,162.22
2596,,253.38,,253.38
2597,,226.52,,226.52
2598,,122.11,,122.11
2599,,191.22,,191.22
2600,,257.76,,257.76
2601,,117.39,,117.39
2602,,195.98,,195.98
2603,,223.6,,223.6
2604,,268.72,,268.72
2605,,287.84,,287.84
2606,,279.17,,279.17
2607,,118.22,,118.22
2608,,97.45,,97.45
2609,,102.06,,102.06
2610,,292.36,,292.36
2611,,129.73,,129.73
2612,,102.99,,102.99
2613,,198.44,,198.44
2614,,133.14,,133.14
2615,,250.29,,250.29
2616,,154.94,,154.94
2617,,70.04,,70.04
2618,,85.04,,85.04
2619,,97.71,,97.71
2620,,85.16,,85.16
2621,,68.71,,68.71
2622,,83.09,,83.09
2623,,71.01,,71.01
2624,,87.23,,87.23
2625,,87.25,,87.25
2626,,69.99,,69.99
2627,,68.27,,68.27
2628,,70.6,,70.6
2629,,70.85,,70.85
2630,,77.68,,77.68
2631,,75.67,,75.67
2632,,76.24,,76.24
2633,,78.83,,78.83
2634,,69.49,,69.49
2635,,68.09,,68.09
2636,,66.07,,66.07
2637,,68.7,,68.7
2638,,68.99,,68.99
2639,,67.61,,67.61
2640,,67.37,,67.37
2641,,68.83,,68.83
2642,,67.09,,67.09
2643,,69.16,,69.16
2644,,67.7,,67.7
2645,,67.33,,67.33
2646,,69.32,,69.32
2647,,68.36,,68.36
2648,,67.13,,67.13
2649,,67.65,,67.65
2650,,67.49,,67.49
2651,,67.65,,67.65
2652,,71.26,,71.26
2653,,97.89,,97.89
2654,,84.44,,84.44
2655,,119.38,,119.38
2656,,84.13,,84.13
2657,,69.15,,69.15
2658,,67.64,,67.64
2659,,68.31,,68.31
2660,,69.06,,69.06
2661,,66.35,,66.35
2662,,68.38,,68.38
2663,,68.13,,68.13
2664,,68.76,,68.76
2665,,67.65,,67.65
2666,,68.47,,68.47
2667,,67.32,,67.32
2668,,68.5,,68.5
2669,,70.09,,70.09
2670,,67.53,,67.53
2671,,68.52,,68.52
2672,,69.12,,69.12
2673,,69.8,,69.8
2674,,68.58,,68.58
2675,,67.09,,67.09
2676,,67.91,,67.91
2677,,69.6,,69.6
2678,,68.54,,68.54
2679,,69.25,,69.25
2680,,67.37,,67.37
2681,,68.38,,68.38
2682,,70.09,,70.09
2683,,68.02,,68.02
2684,,68.8,,68.8
2685,,67.35,,67.35
2686,,67.75,,67.75
2687,,82.52,,82.52
2688,,69.08,,69.08
2689,,67.28,,67.28
2690,,68.78,,68.78
2691,,69.06,,69.06
2692,,70.06,,70.06
2693,,69.8,,69.8
2694,,68.21,,68.21
2695,,78.76,,78.76
2696,,77.22,,77.22
2697,,78.94,,78.94
2698,,96.91,,96.91
2699,,213.1,,213.1
2700,,261.97,,261.97
2701,,97.97,,97.97
2702,,239.19,,239.19
2703,,219.09,,219.09
2704,,122.44,,122.44
2705,,95.06,,95.06
2706,,101.96,,101.96
2707,,183.69,,183.69
2708,,82.6,,82.6
2709,,92.93,,92.93
2710,,86.89,,86.89
2711,,87.78,,87.78
2712,,78.11,,78.11
2713,,70.02,,70.02
2714,,72.02,,72.02
2715,,70.7,,70.7
2716,,70.51,,70.51
2717,,69.72,,69.72
2718,,85.64,,85.64
2719,,71.87,,71.87
2720,,83.28,,83.28
2721,,106.66,,106.66
2722,,70.86,,70.86
2723,,76.67,,76.67
2724,,79.77,,79.77
2725,,82.89,,82.89
2726,,69.63,,69.63
2727,,103.54,,103.54
2728,,72.25,,72.25
2729,,81.54,,81.54
2730,,68.41,,68.41
2731,,72.44,,72.44
2732,,69.77,,69.77
2733,,67.57,,67.57
2734,,82.6,,82.6
2735,,71.42,,71.42
2736,,79.7,,79.7
2737,,69.9,,69.9
2738,,69.05,,69.05
2739,,71.93,,71.93
2740,,68.48,,68.48
2741,,69.22,,69.22
2742,,68.85,,68.85
2743,,72.33,,72.33
2744,,81.24,,81.24
2745,,67.16,,67.16
2746,,67.1,,67.1
2747,,83.57,,83.57
2748,,67.24,,67.24
2749,,69.75,,69.75
2750,,66.87,,66.87
2751,,67.77,,67.77
2752,,66.29,,66.29
2753,,67.92,,67.92
2754,,68.21,,68.21
2755,,78.04,,78.04
2756,,90.51,,90.51
2757,,81.67,,81.67
2758,,73.14,,73.14
2759,,67.95,,67.95
2760,,67.44,,67.44
2761,,67.04,,67.04
2762,,67.54,,67.54
2763,,68.47,,68.47
2764,,70.56,,70.56
2765,,71.29,,71.29
2766,,68.77,,68.77
2767,,70.29,,70.29
2768,,69.82,,69.82
2769,,69.02,,69.02
2770,,68.55,,68.55
2771,,68.28,,68.28
2772,,69.3,,69.3
2773,,80.6,,80.6
2774,,67.56,,67.56
2775,,68.27,,68.27
2776,,69.34,,69.34
2777,,67.05,,67.05
2778,,67.81,,67.81
2779,,68.48,,68.48
2780,,77,,77
2781,,67.78,,67.78
2782,,72.26,,72.26
2783,,66.47,,66.47
2784,,67.79,,67.79
2785,,68.54,,68.54
2786,,68.19,,68.19
2787,,67.65,,67.65
2788,,68.2,,68.2
2789,,68.26,,68.26
2790,,67.96,,67.96
2791,,68.92,,68.92
2792,,104.4,,104.4
2793,,67.45,,67.45
2794,,67.95,,67.95
2795,,93.85,,93.85
2796,,177.4,,177.4
2797,,281.64,,281.64
2798,,244.42,,244.42
2799,,277.19,,277.19
2800,,156.43,,156.43
2801,,237.96,,237.96
2802,,164.77,,164.77
2803,,258.46,,258.46
2804,,230.73,,230.73
2805,,184.67,,184.67
2806,,253.37,,253.37
2807,,102.59,,102.59
2808,,97.33,,97.33
2809,,111.41,,111.41
2810,,279.24,,279.24
2811,,161.18,,161.18
2812,,162.45,,162.45
2813,,137.53,,137.53
2814,,190.78,,190.78
2815,,116.95,,116.95
2816,,155.32,,155.32
2817,,251.59,,251.59
2818,,158.4,,158.4
2819,,103.17,,103.17
2820,,67.58,,67.58
2821,,85.17,,85.17
2822,,82.92,,82.92
2823,,97.99,,97.99
2824,,118.83,,118.83
2825,,82.5,,82.5
2826,,86.51,,86.51
2827,,66.98,,66.98
2828,,67.98,,67.98
2829,,69.09,,69.09
2830,,68.63,,68.63
2831,,67.88,,67.88
2832,,70.38,,70.38
2833,,68.46,,68.46
2834,,67.53,,67.53
2835,,69.65,,69.65
2836,,69.12,,69.12
2837,,68.83,,68.83
2838,,70.5,,70.5
2839,,67.72,,67.72
2840,,67.04,,67.04
2841,,68.74,,68.74
2842,,68.98,,68.98
2843,,68.49,,68.49
2844,,68.39,,68.39
2845,,68.61,,68.61
2846,,67.97,,67.97
2847,,69.26,,69.26
2848,,67.21,,67.21
2849,,68.17,,68.17
2850,,68.33,,68.33
2851,,68.33,,68.33
2852,,69,,69
2853,,67.36,,67.36
2854,,69.3,,69.3
2855,,68.67,,68.67
2856,,67.63,,67.63
2857,,69.96,,69.96
2858,,68.01,,68.01
2859,,70.31,,70.31
2860,,67.4,,67.4
2861,,68.37,,68.37
2862,,66.93,,66.93
2863,,68.08,,68.08
2864,,68.87,,68.87
2865,,69.34,,69.34
2866,,67.61,,67.61
2867,,84.68,,84.68
2868,,85.02,,85.02
2869,,70.37,,70.37
2870,,68.02,,68.02
2871,,69.28,,69.28
2872,,67.88,,67.88
2873,,71.75,,71.75
2874,,70.78,,70.78
2875,,67.41,,67.41
2876,,69.61,,69.61
2877,,68.51,,68.51
2878,,67.58,,67.58
2879,,67.69,,67.69
2880,,67.83,,67.83
2881,,71.2,,71.2
2882,,67.14,,67.14
2883,,67.74,,67.74
2884,,67.69,,67.69
2885,,68.22,,68.22
2886,,67.82,,67.82
2887,,67.15,,67.15
2888,,68.8,,68.8
2889,,68.75,,68.75
2890,,67.49,,67.49
2891,,67.29,,67.29
2892,,68,,68
2893,,68.61,,68.61
2894,,102.84,,102.84
2895,,66.59,,66.59
2896,,69.22,,69.22
2897,,85.66,,85.66
2898,,89.08,,89.08
2899,,84.17,,84.17
2900,,100.27,,100.27
2901,,68.54,,68.54
2902,,67.02,,67.02
2903,,85.17,,85.17
2904,,67.81,,67.81
2905,,265.12,,265.12
2906,,171.07,,171.07
2907,,251.64,,251.64
2908,,242.05,,242.05
2909,,198.02,,198.02
2910,,239.66,,239.66
2911,,249.23,,249.23
2912,,100.54,,100.54
2913,,187.54,,187.54
2914,,217.35,,217.35
2915,,152.56,,152.56
2916,,248.96,,248.96
2917,,214.33,,214.33
2918,,152.01,,152.01
2919,,114.21,,114.21
2920,,87.42,,87.42
2921,,65.92,,65.92
2922,,84.46,,84.46
2923,,298.66,,298.66
2924,,234.3,,234.3
2925,,263.93,,263.93
2926,,111.52,,111.52
2927,,131.61,,131.61
2928,,117.02,,117.02
2929,,84.13,,84.13
2930,,116.67,,116.67
2931,,80.74,,80.74
2932,,97.82,,97.82
2933,,84.84,,84.84
2934,,84.21,,84.21
2935,,67.29,,67.29
2936,,68.49,,68.49
2937,,67.45,,67.45
2938,,66.09,,66.09
2939,,68.59,,68.59
2940,,68.23,,68.23
2941,,67.89,,67.89
2942,,67.21,,67.21
2943,,70.87,,70.87
2944,,82.57,,82.57
2945,,67.49,,67.49
2946,,83.12,,83.12
2947,,67.67,,67.67
2948,,66.15,,66.15
2949,,68.13,,68.13
2950,,68.78,,68.78
2951,,68.92,,68.92
2952,,69.36,,69.36
2953,,68.65,,68.65
2954,,67.78,,67.78
2955,,68.57,,68.57
2956,,67.98,,67.98
2957,,67.17,,67.17
2958,,67.17,,67.17
2959,,68.06,,68.06
2960,,69.78,,69.78
2961,,69.41,,69.41
2962,,69.21,,69.21
2963,,68.04,,68.04
2964,,67.51,,67.51
2965,,69.88,,69.88
2966,,68.75,,68.75
2967,,67.67,,67.67
2968,,67.75,,67.75
2969,,81.99,,81.99
2970,,84.55,,84.55
2971,,67.54,,67.54
2972,,68.01,,68.01
2973,,67.53,,67.53
2974,,68.82,,68.82
2975,,68.34,,68.34
2976,,66.94,,66.94
2977,,67.67,,67.67
2978,,68.32,,68.32
2979,,67.97,,67.97
2980,,68.32,,68.32
2981,,69.44,,69.44
2982,,67.59,,67.59
2983,,67.87,,67.87
2984,,66.47,,66.47
2985,,67.16,,67.16
2986,,67.68,,67.68
2987,,70.29,,70.29
2988,,66.35,,66.35
2989,,67.04,,67.04
2990,,66.99,,66.99
2991,,68.59,,68.59
2992,,67.56,,67.56
2993,,66.23,,66.23
2994,,67.06,,67.06
2995,,68.3,,68.3
2996,,68.11,,68.11
2997,,67.49,,67.49
2998,,82.63,,82.63
2999,,67.46,,67.46
3000,,65.99,,65.99
Grand Total,7902.05,348295.13,12063.35,368260.53